--
-- PostgreSQL database dump
--

-- Dumped from database version 12.2 (Debian 12.2-2.pgdg100+1)
-- Dumped by pg_dump version 13.3

-- Started on 2021-11-22 12:06:12

SET statement_timeout = 0;
SET lock_timeout = 0;
SET idle_in_transaction_session_timeout = 0;
SET client_encoding = 'UTF8';
SET standard_conforming_strings = on;
SELECT pg_catalog.set_config('search_path', '', false);
SET check_function_bodies = false;
SET xmloption = content;
SET client_min_messages = warning;
SET row_security = off;

--
-- TOC entry 3 (class 2615 OID 2200)
-- Name: public; Type: SCHEMA; Schema: -; Owner: postgres
--

CREATE SCHEMA public;


ALTER SCHEMA public OWNER TO postgres;

--
-- TOC entry 2943 (class 0 OID 0)
-- Dependencies: 3
-- Name: SCHEMA public; Type: COMMENT; Schema: -; Owner: postgres
--

COMMENT ON SCHEMA public IS 'standard public schema';


SET default_tablespace = '';

SET default_table_access_method = heap;

--
-- TOC entry 202 (class 1259 OID 16384)
-- Name: order_product; Type: TABLE; Schema: public; Owner: postgres
--

CREATE TABLE public.order_product (
    quantity integer,
    product_id bigint NOT NULL,
    order_id bigint NOT NULL
);


ALTER TABLE public.order_product OWNER TO postgres;

--
-- TOC entry 204 (class 1259 OID 16391)
-- Name: tb_employee; Type: TABLE; Schema: public; Owner: postgres
--

CREATE TABLE public.tb_employee (
    id bigint NOT NULL,
    cpf character varying(255),
    email character varying(255),
    name character varying(255),
    login character varying(255),
    password character varying(255)
);


ALTER TABLE public.tb_employee OWNER TO postgres;

--
-- TOC entry 203 (class 1259 OID 16389)
-- Name: tb_employee_id_seq; Type: SEQUENCE; Schema: public; Owner: postgres
--

ALTER TABLE public.tb_employee ALTER COLUMN id ADD GENERATED BY DEFAULT AS IDENTITY (
    SEQUENCE NAME public.tb_employee_id_seq
    START WITH 1
    INCREMENT BY 1
    NO MINVALUE
    NO MAXVALUE
    CACHE 1
);


--
-- TOC entry 206 (class 1259 OID 16401)
-- Name: tb_order; Type: TABLE; Schema: public; Owner: postgres
--

CREATE TABLE public.tb_order (
    id bigint NOT NULL,
    moment timestamp without time zone
);


ALTER TABLE public.tb_order OWNER TO postgres;

--
-- TOC entry 205 (class 1259 OID 16399)
-- Name: tb_order_id_seq; Type: SEQUENCE; Schema: public; Owner: postgres
--

ALTER TABLE public.tb_order ALTER COLUMN id ADD GENERATED BY DEFAULT AS IDENTITY (
    SEQUENCE NAME public.tb_order_id_seq
    START WITH 1
    INCREMENT BY 1
    NO MINVALUE
    NO MAXVALUE
    CACHE 1
);


--
-- TOC entry 207 (class 1259 OID 16406)
-- Name: tb_product; Type: TABLE; Schema: public; Owner: postgres
--

CREATE TABLE public.tb_product (
    id bigint NOT NULL,
    name character varying(255),
    price numeric(19,2)
);


ALTER TABLE public.tb_product OWNER TO postgres;

--
-- TOC entry 2932 (class 0 OID 16384)
-- Dependencies: 202
-- Data for Name: order_product; Type: TABLE DATA; Schema: public; Owner: postgres
--

COPY public.order_product (quantity, product_id, order_id) FROM stdin;
4	1147	1
3	1164	1
2	1155	2
3	1154	2
1	1154	3
\.


--
-- TOC entry 2934 (class 0 OID 16391)
-- Dependencies: 204
-- Data for Name: tb_employee; Type: TABLE DATA; Schema: public; Owner: postgres
--

COPY public.tb_employee (id, cpf, email, name, login, password) FROM stdin;
1	04856839381	airtonsmorais28@gmail.com	JOSE AIRTON DA SILVA MORAIS	airton	123
\.


--
-- TOC entry 2936 (class 0 OID 16401)
-- Dependencies: 206
-- Data for Name: tb_order; Type: TABLE DATA; Schema: public; Owner: postgres
--

COPY public.tb_order (id, moment) FROM stdin;
1	2021-11-22 11:52:19.078495
2	2021-11-22 11:52:19.088842
3	2021-11-22 11:52:19.092494
\.


--
-- TOC entry 2937 (class 0 OID 16406)
-- Dependencies: 207
-- Data for Name: tb_product; Type: TABLE DATA; Schema: public; Owner: postgres
--

COPY public.tb_product (id, name, price) FROM stdin;
1147	Cachorro quente	3.00
1154	Bauru	2.50
1164	Misto Quente	2.00
1155	x-Burger	6.00
\.


--
-- TOC entry 2944 (class 0 OID 0)
-- Dependencies: 203
-- Name: tb_employee_id_seq; Type: SEQUENCE SET; Schema: public; Owner: postgres
--

SELECT pg_catalog.setval('public.tb_employee_id_seq', 1, true);


--
-- TOC entry 2945 (class 0 OID 0)
-- Dependencies: 205
-- Name: tb_order_id_seq; Type: SEQUENCE SET; Schema: public; Owner: postgres
--

SELECT pg_catalog.setval('public.tb_order_id_seq', 3, true);


--
-- TOC entry 2793 (class 2606 OID 16388)
-- Name: order_product order_product_pkey; Type: CONSTRAINT; Schema: public; Owner: postgres
--

ALTER TABLE ONLY public.order_product
    ADD CONSTRAINT order_product_pkey PRIMARY KEY (order_id, product_id);


--
-- TOC entry 2795 (class 2606 OID 16398)
-- Name: tb_employee tb_employee_pkey; Type: CONSTRAINT; Schema: public; Owner: postgres
--

ALTER TABLE ONLY public.tb_employee
    ADD CONSTRAINT tb_employee_pkey PRIMARY KEY (id);


--
-- TOC entry 2801 (class 2606 OID 16405)
-- Name: tb_order tb_order_pkey; Type: CONSTRAINT; Schema: public; Owner: postgres
--

ALTER TABLE ONLY public.tb_order
    ADD CONSTRAINT tb_order_pkey PRIMARY KEY (id);


--
-- TOC entry 2803 (class 2606 OID 16410)
-- Name: tb_product tb_product_pkey; Type: CONSTRAINT; Schema: public; Owner: postgres
--

ALTER TABLE ONLY public.tb_product
    ADD CONSTRAINT tb_product_pkey PRIMARY KEY (id);


--
-- TOC entry 2797 (class 2606 OID 16414)
-- Name: tb_employee uk_jvgesvjdts58dv9bwxklbrort; Type: CONSTRAINT; Schema: public; Owner: postgres
--

ALTER TABLE ONLY public.tb_employee
    ADD CONSTRAINT uk_jvgesvjdts58dv9bwxklbrort UNIQUE (password);


--
-- TOC entry 2799 (class 2606 OID 16412)
-- Name: tb_employee uk_qftyfdy014ru1msldoamlkogf; Type: CONSTRAINT; Schema: public; Owner: postgres
--

ALTER TABLE ONLY public.tb_employee
    ADD CONSTRAINT uk_qftyfdy014ru1msldoamlkogf UNIQUE (login);


--
-- TOC entry 2804 (class 2606 OID 16415)
-- Name: order_product fk8bu68rldjkfljnchrtrhmmrkc; Type: FK CONSTRAINT; Schema: public; Owner: postgres
--

ALTER TABLE ONLY public.order_product
    ADD CONSTRAINT fk8bu68rldjkfljnchrtrhmmrkc FOREIGN KEY (product_id) REFERENCES public.tb_product(id);


--
-- TOC entry 2805 (class 2606 OID 16420)
-- Name: order_product fkc1hr3gkcmqc95fqpu9k97fq60; Type: FK CONSTRAINT; Schema: public; Owner: postgres
--

ALTER TABLE ONLY public.order_product
    ADD CONSTRAINT fkc1hr3gkcmqc95fqpu9k97fq60 FOREIGN KEY (order_id) REFERENCES public.tb_order(id);


-- Completed on 2021-11-22 12:06:12

--
-- PostgreSQL database dump complete
--

